model_name,mrr@1,mrr@3,mrr@5,mrr@10,mrr@20,mrr@50,mrr@100,recall@1,recall@3,recall@5,recall@10,recall@20,recall@50,recall@100,precision@1,precision@3,precision@5,precision@10,precision@20,precision@50,precision@100,avg_latency_sec,embedder,source,database,db_type,use_first_chunk_only,chunk_size,overlap,num_docs,num_chunks,experiment_time,docs_load_time_sec,embedder_load_time_sec,prompt_mode,estimated_cost_usd,actual_cost_usd,estimated_tokens,doc_tokens_est,query_tokens_est,cpu_time_sec,gpu_time_sec,max_gpu_memory_allocated_mb,max_gpu_memory_reserved_mb,distance_metric
Qwen/Qwen3-Embedding-4B,0.6296296296296297,0.7248435650262134,0.734787755792322,0.7404882703969462,0.7419361352466256,0.74234463473229,0.7424765578020203,0.1038819231897653,0.2239757368400085,0.3094803901593515,0.4638940943732318,0.6198305714949861,0.803279317561696,0.9017781527289549,0.6296296296296297,0.5538643666497547,0.5148655504819889,0.4617453069507864,0.3837138508371385,0.2654997463216641,0.17190258751902585,0.07230673542006186,qwen3-4b,local,/tmp/chroma_5862213_qwen3-4b,chroma,True,1024,0,100000,100000,5006.9677267074585,4598.659598350525,258.2917444705963,custom,none,none,none,none,none,5009.029979095,5004.694,13242.43212890625,16798.0,cosine
Qwen/Qwen3-Embedding-4B,0.6352105530187722,0.730678166751226,0.7407745645188567,0.7466307087692171,0.7481481866784113,0.7485911179360337,0.7487850425427043,0.10692320796620987,0.22854546104443585,0.31517596297821204,0.4718451531233773,0.6303827698918071,0.814133742042434,0.9160760366188984,0.6352105530187722,0.5577541011330966,0.5181126331811263,0.46412988330796545,0.3853120243531203,0.2666057838660578,0.17270421106037542,0.5624862212152847,qwen3-4b,local,/tmp/qdrant_5888249_qwen3-4b,qdrant,True,1024,0,100000,100000,6090.091210603714,4706.487379074097,267.0759129524231,custom,none,none,none,none,none,7902.790008082,6087.676,13242.43212890625,16786.0,cosine